Patient,Chromosome,Position,Ref_Base,Variant_Type,Total_Depth,DEL_Count,+_Strand,-_Strand,Allele_Frequency(%),AF_proportion,Coverage_proportion,Zygosity_proportion
barcode11,5,70924873,A,DEL,2406,639,84,555,26.56,0.2656,0.4293,0.2656
barcode11,5,70924951,G,DEL,4426,1330,197,1133,30.05,0.3005,0.7898,0.3005
barcode11,5,70925075,G,DEL,5099,1207,963,244,23.67,0.2367,0.9099,0.2367
barcode11,5,70925076,C,DEL,5102,1762,1280,482,34.54,0.3454,0.9104,0.3454
barcode11,5,70925077,C,DEL,5130,1061,736,325,20.68,0.2068,0.9154,0.2068
barcode11,5,70925152,G,DEL,4174,926,925,1,22.18,0.2218,0.7448,0.2218
barcode11,5,70925153,A,DEL,4166,948,946,2,22.76,0.2276,0.7434,0.2276
barcode11,5,70925154,T,DEL,4165,1160,1061,99,27.85,0.2785,0.7432,0.2785
barcode11,5,70941368,T,DEL,1576,402,13,389,25.51,0.2551,0.2812,0.2551
barcode11,5,70941384,C,DEL,1905,465,3,462,24.41,0.2441,0.3399,0.2441
barcode11,5,70942392,C,DEL,1519,329,327,2,21.66,0.2166,0.2711,0.2166
barcode11,5,70942402,T,DEL,1547,364,361,3,23.53,0.2353,0.2761,0.2353
barcode11,5,70942407,T,DEL,1562,388,283,105,24.84,0.2484,0.2787,0.2484
barcode11,5,70942438,T,DEL,1971,711,709,2,36.07,0.3607,0.3517,0.3607
barcode11,5,70942439,A,DEL,1972,1230,1211,19,62.37,0.6237,0.3519,0.6237
barcode11,5,70942440,A,DEL,1976,995,988,7,50.35,0.5035,0.3526,0.5035
barcode11,5,70942441,G,DEL,1979,791,782,9,39.97,0.3997,0.3531,0.3997
barcode11,5,70942442,A,DEL,1996,544,543,1,27.25,0.2725,0.3562,0.2725
barcode11,5,70942481,A,DEL,2160,498,489,9,23.06,0.2306,0.3854,0.2306
barcode11,5,70942511,T,DEL,2037,452,432,20,22.19,0.2219,0.3635,0.2219
barcode11,5,70942512,C,DEL,2043,1041,1011,30,50.95,0.5095,0.3646,0.5095
barcode11,5,70942569,A,DEL,1942,559,558,1,28.78,0.2878,0.3465,0.2878
barcode11,5,70942570,A,DEL,1942,460,460,0,23.69,0.2369,0.3465,0.2369
barcode11,5,70942819,T,DEL,1000,219,35,184,21.9,0.219,0.1784,0.219
barcode11,5,70942822,T,DEL,987,206,8,198,20.87,0.2087,0.1761,0.2087
barcode11,5,70942823,C,DEL,988,277,8,269,28.04,0.2804,0.1763,0.2804
barcode11,5,70942824,T,DEL,986,269,3,266,27.28,0.2728,0.1759,0.2728
barcode11,5,70942825,C,DEL,990,445,40,405,44.95,0.4495,0.1767,0.4495
barcode11,5,70942826,C,DEL,993,275,3,272,27.69,0.2769,0.1772,0.2769
barcode11,5,70942835,C,DEL,1005,291,220,71,28.96,0.2896,0.1793,0.2896
barcode11,5,70944760,A,DEL,2071,518,78,440,25.01,0.2501,0.3696,0.2501
barcode11,5,70946051,T,DEL,4614,1284,1087,197,27.83,0.2783,0.8233,0.2783
barcode11,5,70946072,C,DEL,4840,1343,634,709,27.75,0.2775,0.8637,0.2775
barcode11,5,70946084,C,DEL,4896,1055,1046,9,21.55,0.2155,0.8737,0.2155
barcode11,5,70946132,T,DEL,4973,1039,1032,7,20.89,0.2089,0.8874,0.2089
barcode11,5,70946197,T,DEL,5267,1651,1495,156,31.35,0.3135,0.9399,0.3135
barcode14,5,70924554,A,DEL,10,2,0,2,20.0,0.2,0.0053,0.2
barcode14,5,70924589,G,DEL,10,7,1,6,70.0,0.7,0.0053,0.7
barcode14,5,70924595,G,DEL,11,5,2,3,45.45,0.4545,0.0058,0.4545
barcode14,5,70924600,A,DEL,11,3,0,3,27.27,0.2727,0.0058,0.2727
barcode14,5,70924668,C,DEL,11,3,0,3,27.27,0.2727,0.0058,0.2727
barcode14,5,70924700,A,DEL,13,3,0,3,23.08,0.2308,0.0069,0.2308
barcode14,5,70924752,G,DEL,15,6,0,6,40.0,0.4,0.0079,0.4
barcode14,5,70924785,A,DEL,16,5,4,1,31.25,0.3125,0.0085,0.3125
barcode14,5,70924873,A,DEL,866,270,32,238,31.18,0.3118,0.4577,0.3118
barcode14,5,70924951,G,DEL,1545,434,59,375,28.09,0.2809,0.8166,0.2809
barcode14,5,70925075,G,DEL,1799,426,353,73,23.68,0.2368,0.9508,0.2368
barcode14,5,70925076,C,DEL,1799,590,448,142,32.8,0.328,0.9508,0.328
barcode14,5,70925077,C,DEL,1815,365,266,99,20.11,0.2011,0.9593,0.2011
barcode14,5,70925152,G,DEL,1546,335,334,1,21.67,0.2167,0.8171,0.2167
barcode14,5,70925153,A,DEL,1542,339,338,1,21.98,0.2198,0.815,0.2198
barcode14,5,70925154,T,DEL,1542,414,378,36,26.85,0.2685,0.815,0.2685
barcode14,5,70941368,T,DEL,160,34,1,33,21.25,0.2125,0.0846,0.2125
barcode14,5,70941384,C,DEL,199,56,0,56,28.14,0.2814,0.1052,0.2814
barcode14,5,70942402,T,DEL,416,103,102,1,24.76,0.2476,0.2199,0.2476
barcode14,5,70942407,T,DEL,414,100,77,23,24.15,0.2415,0.2188,0.2415
barcode14,5,70942438,T,DEL,463,169,168,1,36.5,0.365,0.2447,0.365
barcode14,5,70942439,A,DEL,462,291,284,7,62.99,0.6299,0.2442,0.6299
barcode14,5,70942440,A,DEL,461,225,220,5,48.81,0.4881,0.2437,0.4881
barcode14,5,70942441,G,DEL,461,175,169,6,37.96,0.3796,0.2437,0.3796
barcode14,5,70942442,A,DEL,471,121,120,1,25.69,0.2569,0.2489,0.2569
barcode14,5,70942481,A,DEL,497,110,105,5,22.13,0.2213,0.2627,0.2213
barcode14,5,70942511,T,DEL,471,99,94,5,21.02,0.2102,0.2489,0.2102
barcode14,5,70942512,C,DEL,471,248,240,8,52.65,0.5265,0.2489,0.5265
barcode14,5,70942569,A,DEL,396,91,91,0,22.98,0.2298,0.2093,0.2298
barcode14,5,70942819,T,DEL,305,62,9,53,20.33,0.2033,0.1612,0.2033
barcode14,5,70942822,T,DEL,297,63,1,62,21.21,0.2121,0.157,0.2121
barcode14,5,70942823,C,DEL,295,83,2,81,28.14,0.2814,0.1559,0.2814
barcode14,5,70942824,T,DEL,295,73,1,72,24.75,0.2475,0.1559,0.2475
barcode14,5,70942825,C,DEL,295,127,16,111,43.05,0.4305,0.1559,0.4305
barcode14,5,70942826,C,DEL,297,76,1,75,25.59,0.2559,0.157,0.2559
barcode14,5,70942835,C,DEL,290,101,76,25,34.83,0.3483,0.1533,0.3483
barcode14,5,70944760,A,DEL,847,302,16,286,35.66,0.3566,0.4477,0.3566
barcode14,5,70944761,A,DEL,846,173,6,167,20.45,0.2045,0.4471,0.2045
barcode14,5,70946051,T,DEL,636,153,123,30,24.06,0.2406,0.3362,0.2406
barcode14,5,70946072,C,DEL,690,225,83,142,32.61,0.3261,0.3647,0.3261
barcode14,5,70946084,C,DEL,707,149,148,1,21.07,0.2107,0.3737,0.2107
barcode14,5,70946099,T,DEL,697,145,7,138,20.8,0.208,0.3684,0.208
barcode14,5,70946100,C,DEL,696,153,13,140,21.98,0.2198,0.3679,0.2198
barcode14,5,70946132,T,DEL,728,155,154,1,21.29,0.2129,0.3848,0.2129
barcode14,5,70946197,T,DEL,829,252,230,22,30.4,0.304,0.4382,0.304
barcode14,5,70952085,C,DEL,1238,270,244,26,21.81,0.2181,0.6543,0.2181
barcode12,5,70924873,A,DEL,1085,312,34,278,28.76,0.2876,0.4232,0.2876
barcode12,5,70924951,G,DEL,2127,569,89,480,26.75,0.2675,0.8296,0.2675
barcode12,5,70925075,G,DEL,2380,552,438,114,23.19,0.2319,0.9282,0.2319
barcode12,5,70925076,C,DEL,2376,770,566,204,32.41,0.3241,0.9267,0.3241
barcode12,5,70925077,C,DEL,2390,500,346,154,20.92,0.2092,0.9321,0.2092
barcode12,5,70925154,T,DEL,1891,506,452,54,26.76,0.2676,0.7375,0.2676
barcode12,5,70941368,T,DEL,263,63,4,59,23.95,0.2395,0.1026,0.2395
barcode12,5,70941384,C,DEL,332,89,1,88,26.81,0.2681,0.1295,0.2681
barcode12,5,70942392,C,DEL,1015,261,259,2,25.71,0.2571,0.3959,0.2571
barcode12,5,70942402,T,DEL,1026,240,240,0,23.39,0.2339,0.4002,0.2339
barcode12,5,70942407,T,DEL,1032,241,193,48,23.35,0.2335,0.4025,0.2335
barcode12,5,70942438,T,DEL,1138,414,411,3,36.38,0.3638,0.4438,0.3638
barcode12,5,70942439,A,DEL,1142,717,706,11,62.78,0.6278,0.4454,0.6278
barcode12,5,70942440,A,DEL,1144,563,559,4,49.21,0.4921,0.4462,0.4921
barcode12,5,70942441,G,DEL,1146,442,437,5,38.57,0.3857,0.447,0.3857
barcode12,5,70942442,A,DEL,1154,296,296,0,25.65,0.2565,0.4501,0.2565
barcode12,5,70942481,A,DEL,1230,288,283,5,23.41,0.2341,0.4797,0.2341
barcode12,5,70942511,T,DEL,1207,257,254,3,21.29,0.2129,0.4707,0.2129
barcode12,5,70942512,C,DEL,1207,632,626,6,52.36,0.5236,0.4707,0.5236
barcode12,5,70942569,A,DEL,1132,322,321,1,28.45,0.2845,0.4415,0.2845
barcode12,5,70942570,A,DEL,1129,261,260,1,23.12,0.2312,0.4403,0.2312
barcode12,5,70942823,C,DEL,591,149,2,147,25.21,0.2521,0.2305,0.2521
barcode12,5,70942824,T,DEL,593,135,0,135,22.77,0.2277,0.2313,0.2277
barcode12,5,70942825,C,DEL,598,241,32,209,40.3,0.403,0.2332,0.403
barcode12,5,70942826,C,DEL,603,135,0,135,22.39,0.2239,0.2352,0.2239
barcode12,5,70942835,C,DEL,602,189,151,38,31.4,0.314,0.2348,0.314
barcode12,5,70944760,A,DEL,1233,309,42,267,25.06,0.2506,0.4809,0.2506
barcode12,5,70946051,T,DEL,1875,389,304,85,20.75,0.2075,0.7313,0.2075
barcode12,5,70946072,C,DEL,1986,565,184,381,28.45,0.2845,0.7746,0.2845
barcode12,5,70946099,T,DEL,1997,433,15,418,21.68,0.2168,0.7789,0.2168
barcode12,5,70946100,C,DEL,1996,465,38,427,23.3,0.233,0.7785,0.233
barcode12,5,70946197,T,DEL,2436,717,646,71,29.43,0.2943,0.9501,0.2943
barcode09,5,70924873,A,DEL,1537,436,58,378,28.37,0.2837,0.4044,0.2837
barcode09,5,70924951,G,DEL,3019,888,139,749,29.41,0.2941,0.7943,0.2941
barcode09,5,70925075,G,DEL,3615,864,714,150,23.9,0.239,0.9511,0.239
barcode09,5,70925076,C,DEL,3612,1213,910,303,33.58,0.3358,0.9503,0.3358
barcode09,5,70925077,C,DEL,3621,769,567,202,21.24,0.2124,0.9526,0.2124
barcode09,5,70925152,G,DEL,2974,629,629,0,21.15,0.2115,0.7824,0.2115
barcode09,5,70925153,A,DEL,2964,646,643,3,21.79,0.2179,0.7798,0.2179
barcode09,5,70925154,T,DEL,2961,805,737,68,27.19,0.2719,0.779,0.2719
barcode09,5,70941368,T,DEL,730,198,6,192,27.12,0.2712,0.1921,0.2712
barcode09,5,70941384,C,DEL,862,243,0,243,28.19,0.2819,0.2268,0.2819
barcode09,5,70942402,T,DEL,674,138,137,1,20.47,0.2047,0.1773,0.2047
barcode09,5,70942407,T,DEL,681,178,122,56,26.14,0.2614,0.1792,0.2614
barcode09,5,70942438,T,DEL,798,228,228,0,28.57,0.2857,0.2099,0.2857
barcode09,5,70942439,A,DEL,795,455,438,17,57.23,0.5723,0.2092,0.5723
barcode09,5,70942440,A,DEL,796,342,340,2,42.96,0.4296,0.2094,0.4296
barcode09,5,70942441,G,DEL,796,266,262,4,33.42,0.3342,0.2094,0.3342
barcode09,5,70942442,A,DEL,802,184,184,0,22.94,0.2294,0.211,0.2294
barcode09,5,70942481,A,DEL,859,186,176,10,21.65,0.2165,0.226,0.2165
barcode09,5,70942511,T,DEL,824,167,157,10,20.27,0.2027,0.2168,0.2027
barcode09,5,70942512,C,DEL,825,385,370,15,46.67,0.4667,0.217,0.4667
barcode09,5,70942569,A,DEL,703,191,191,0,27.17,0.2717,0.185,0.2717
barcode09,5,70942570,A,DEL,700,158,158,0,22.57,0.2257,0.1842,0.2257
barcode09,5,70942822,T,DEL,258,54,0,54,20.93,0.2093,0.0679,0.2093
barcode09,5,70942823,C,DEL,258,71,1,70,27.52,0.2752,0.0679,0.2752
barcode09,5,70942824,T,DEL,259,64,2,62,24.71,0.2471,0.0681,0.2471
barcode09,5,70942825,C,DEL,264,96,15,81,36.36,0.3636,0.0695,0.3636
barcode09,5,70942826,C,DEL,265,58,1,57,21.89,0.2189,0.0697,0.2189
barcode09,5,70942835,C,DEL,258,71,64,7,27.52,0.2752,0.0679,0.2752
barcode09,5,70944760,A,DEL,616,157,19,138,25.49,0.2549,0.1621,0.2549
barcode09,5,70946051,T,DEL,1127,264,207,57,23.43,0.2343,0.2965,0.2343
barcode09,5,70946072,C,DEL,1190,350,117,233,29.41,0.2941,0.3131,0.2941
barcode09,5,70946099,T,DEL,1193,279,9,270,23.39,0.2339,0.3139,0.2339
barcode09,5,70946100,C,DEL,1196,294,16,278,24.58,0.2458,0.3147,0.2458
barcode09,5,70946197,T,DEL,1415,428,390,38,30.25,0.3025,0.3723,0.3025
barcode15,5,70924873,A,DEL,530,176,3,173,33.21,0.3321,0.5101,0.3321
barcode15,5,70924951,G,DEL,896,276,28,248,30.8,0.308,0.8624,0.308
barcode15,5,70925020,T,DEL,1013,209,6,203,20.63,0.2063,0.975,0.2063
barcode15,5,70925075,G,DEL,972,224,177,47,23.05,0.2305,0.9355,0.2305
barcode15,5,70925076,C,DEL,971,335,228,107,34.5,0.345,0.9346,0.345
barcode15,5,70925077,C,DEL,975,219,148,71,22.46,0.2246,0.9384,0.2246
barcode15,5,70925147,A,DEL,852,171,171,0,20.07,0.2007,0.82,0.2007
barcode15,5,70925152,G,DEL,844,195,195,0,23.1,0.231,0.8123,0.231
barcode15,5,70925153,A,DEL,842,204,204,0,24.23,0.2423,0.8104,0.2423
barcode15,5,70925154,T,DEL,842,283,262,21,33.61,0.3361,0.8104,0.3361
barcode15,5,70941368,T,DEL,296,69,2,67,23.31,0.2331,0.2849,0.2331
barcode15,5,70941384,C,DEL,365,79,0,79,21.64,0.2164,0.3513,0.2164
barcode15,5,70942402,T,DEL,323,97,97,0,30.03,0.3003,0.3109,0.3003
barcode15,5,70942407,T,DEL,324,97,74,23,29.94,0.2994,0.3118,0.2994
barcode15,5,70942438,T,DEL,386,149,149,0,38.6,0.386,0.3715,0.386
barcode15,5,70942439,A,DEL,386,257,254,3,66.58,0.6658,0.3715,0.6658
barcode15,5,70942440,A,DEL,388,215,215,0,55.41,0.5541,0.3734,0.5541
barcode15,5,70942441,G,DEL,388,162,162,0,41.75,0.4175,0.3734,0.4175
barcode15,5,70942442,A,DEL,392,102,102,0,26.02,0.2602,0.3773,0.2602
barcode15,5,70942481,A,DEL,430,104,102,2,24.19,0.2419,0.4139,0.2419
barcode15,5,70942500,C,DEL,418,87,84,3,20.81,0.2081,0.4023,0.2081
barcode15,5,70942511,T,DEL,421,103,99,4,24.47,0.2447,0.4052,0.2447
barcode15,5,70942512,C,DEL,421,233,225,8,55.34,0.5534,0.4052,0.5534
barcode15,5,70942569,A,DEL,417,105,104,1,25.18,0.2518,0.4013,0.2518
barcode15,5,70942570,A,DEL,417,86,85,1,20.62,0.2062,0.4013,0.2062
barcode15,5,70942819,T,DEL,421,86,19,67,20.43,0.2043,0.4052,0.2043
barcode15,5,70942822,T,DEL,418,94,1,93,22.49,0.2249,0.4023,0.2249
barcode15,5,70942823,C,DEL,419,124,2,122,29.59,0.2959,0.4033,0.2959
barcode15,5,70942824,T,DEL,419,111,2,109,26.49,0.2649,0.4033,0.2649
barcode15,5,70942825,C,DEL,424,179,22,157,42.22,0.4222,0.4081,0.4222
barcode15,5,70942826,C,DEL,429,111,1,110,25.87,0.2587,0.4129,0.2587
barcode15,5,70942835,C,DEL,432,135,98,37,31.25,0.3125,0.4158,0.3125
barcode15,5,70944760,A,DEL,426,108,12,96,25.35,0.2535,0.41,0.2535
barcode15,5,70946051,T,DEL,710,220,194,26,30.99,0.3099,0.6833,0.3099
barcode15,5,70946072,C,DEL,752,231,121,110,30.72,0.3072,0.7238,0.3072
barcode15,5,70946084,C,DEL,770,182,181,1,23.64,0.2364,0.7411,0.2364
barcode15,5,70946132,T,DEL,817,224,223,1,27.42,0.2742,0.7863,0.2742
barcode15,5,70946197,T,DEL,968,296,273,23,30.58,0.3058,0.9317,0.3058
barcode15,5,70951951,A,DEL,659,132,7,125,20.03,0.2003,0.6343,0.2003
barcode10,5,70924873,A,DEL,271,64,4,60,23.62,0.2362,0.1293,0.2362
barcode10,5,70924951,G,DEL,611,168,35,133,27.5,0.275,0.2915,0.275
barcode10,5,70925027,C,DEL,800,164,155,9,20.5,0.205,0.3817,0.205
barcode10,5,70925075,G,DEL,781,222,191,31,28.43,0.2843,0.3726,0.2843
barcode10,5,70925076,C,DEL,779,304,232,72,39.02,0.3902,0.3717,0.3902
barcode10,5,70925077,C,DEL,780,178,128,50,22.82,0.2282,0.3721,0.2282
barcode10,5,70925152,G,DEL,690,150,150,0,21.74,0.2174,0.3292,0.2174
barcode10,5,70925153,A,DEL,690,156,156,0,22.61,0.2261,0.3292,0.2261
barcode10,5,70925154,T,DEL,689,212,199,13,30.77,0.3077,0.3287,0.3077
barcode10,5,70941368,T,DEL,426,114,3,111,26.76,0.2676,0.2032,0.2676
barcode10,5,70941384,C,DEL,520,157,0,157,30.19,0.3019,0.2481,0.3019
barcode10,5,70942386,T,DEL,633,133,132,1,21.01,0.2101,0.302,0.2101
barcode10,5,70942402,T,DEL,661,144,141,3,21.79,0.2179,0.3154,0.2179
barcode10,5,70942407,T,DEL,665,142,91,51,21.35,0.2135,0.3173,0.2135
barcode10,5,70942438,T,DEL,766,289,286,3,37.73,0.3773,0.3655,0.3773
barcode10,5,70942439,A,DEL,768,488,481,7,63.54,0.6354,0.3664,0.6354
barcode10,5,70942440,A,DEL,768,402,401,1,52.34,0.5234,0.3664,0.5234
barcode10,5,70942441,G,DEL,769,326,323,3,42.39,0.4239,0.3669,0.4239
barcode10,5,70942442,A,DEL,775,209,208,1,26.97,0.2697,0.3698,0.2697
barcode10,5,70942481,A,DEL,801,188,185,3,23.47,0.2347,0.3822,0.2347
barcode10,5,70942500,C,DEL,766,169,159,10,22.06,0.2206,0.3655,0.2206
barcode10,5,70942512,C,DEL,768,392,377,15,51.04,0.5104,0.3664,0.5104
barcode10,5,70942569,A,DEL,644,189,189,0,29.35,0.2935,0.3073,0.2935
barcode10,5,70942570,A,DEL,643,152,152,0,23.64,0.2364,0.3068,0.2364
barcode10,5,70942819,T,DEL,367,81,14,67,22.07,0.2207,0.1751,0.2207
barcode10,5,70942823,C,DEL,367,89,4,85,24.25,0.2425,0.1751,0.2425
barcode10,5,70942824,T,DEL,370,83,1,82,22.43,0.2243,0.1765,0.2243
barcode10,5,70942825,C,DEL,372,143,19,124,38.44,0.3844,0.1775,0.3844
barcode10,5,70942826,C,DEL,374,85,1,84,22.73,0.2273,0.1784,0.2273
barcode10,5,70942835,C,DEL,395,132,104,28,33.42,0.3342,0.1885,0.3342
barcode10,5,70944760,A,DEL,818,215,26,189,26.28,0.2628,0.3903,0.2628
barcode10,5,70946051,T,DEL,1665,345,266,79,20.72,0.2072,0.7944,0.2072
barcode10,5,70946072,C,DEL,1747,522,160,362,29.88,0.2988,0.8335,0.2988
barcode10,5,70946099,T,DEL,1768,413,14,399,23.36,0.2336,0.8435,0.2336
barcode10,5,70946100,C,DEL,1769,440,29,411,24.87,0.2487,0.844,0.2487
barcode10,5,70946197,T,DEL,2037,631,556,75,30.98,0.3098,0.9719,0.3098
barcode13,5,70924873,A,DEL,972,308,30,278,31.69,0.3169,0.4917,0.3169
barcode13,5,70924951,G,DEL,1667,446,71,375,26.75,0.2675,0.8432,0.2675
barcode13,5,70925020,T,DEL,1911,400,20,380,20.93,0.2093,0.9666,0.2093
barcode13,5,70925075,G,DEL,1715,434,351,83,25.31,0.2531,0.8675,0.2531
barcode13,5,70925076,C,DEL,1715,599,450,149,34.93,0.3493,0.8675,0.3493
barcode13,5,70925077,C,DEL,1769,386,300,86,21.82,0.2182,0.8948,0.2182
barcode13,5,70925152,G,DEL,1623,367,366,1,22.61,0.2261,0.8209,0.2261
barcode13,5,70925153,A,DEL,1618,379,379,0,23.42,0.2342,0.8184,0.2342
barcode13,5,70925154,T,DEL,1619,476,442,34,29.4,0.294,0.8189,0.294
barcode13,5,70941368,T,DEL,515,130,3,127,25.24,0.2524,0.2605,0.2524
barcode13,5,70941384,C,DEL,614,164,0,164,26.71,0.2671,0.3106,0.2671
barcode13,5,70942402,T,DEL,796,204,204,0,25.63,0.2563,0.4026,0.2563
barcode13,5,70942407,T,DEL,796,194,161,33,24.37,0.2437,0.4026,0.2437
barcode13,5,70942438,T,DEL,872,351,351,0,40.25,0.4025,0.4411,0.4025
barcode13,5,70942439,A,DEL,874,606,600,6,69.34,0.6934,0.4421,0.6934
barcode13,5,70942440,A,DEL,876,484,482,2,55.25,0.5525,0.4431,0.5525
barcode13,5,70942441,G,DEL,875,377,374,3,43.09,0.4309,0.4426,0.4309
barcode13,5,70942442,A,DEL,881,235,235,0,26.67,0.2667,0.4456,0.2667
barcode13,5,70942481,A,DEL,953,242,237,5,25.39,0.2539,0.482,0.2539
barcode13,5,70942500,C,DEL,928,193,190,3,20.8,0.208,0.4694,0.208
barcode13,5,70942511,T,DEL,925,199,193,6,21.51,0.2151,0.4679,0.2151
barcode13,5,70942512,C,DEL,926,457,451,6,49.35,0.4935,0.4684,0.4935
barcode13,5,70942569,A,DEL,826,231,231,0,27.97,0.2797,0.4178,0.2797
barcode13,5,70942570,A,DEL,825,183,183,0,22.18,0.2218,0.4173,0.2218
barcode13,5,70942819,T,DEL,407,86,7,79,21.13,0.2113,0.2059,0.2113
barcode13,5,70942822,T,DEL,393,96,4,92,24.43,0.2443,0.1988,0.2443
barcode13,5,70942823,C,DEL,391,124,6,118,31.71,0.3171,0.1978,0.3171
barcode13,5,70942824,T,DEL,389,115,4,111,29.56,0.2956,0.1968,0.2956
barcode13,5,70942825,C,DEL,391,175,14,161,44.76,0.4476,0.1978,0.4476
barcode13,5,70942826,C,DEL,396,114,1,113,28.79,0.2879,0.2003,0.2879
barcode13,5,70942835,C,DEL,399,105,80,25,26.32,0.2632,0.2018,0.2632
barcode13,5,70944760,A,DEL,672,182,29,153,27.08,0.2708,0.3399,0.2708
barcode13,5,70946051,T,DEL,951,223,177,46,23.45,0.2345,0.481,0.2345
barcode13,5,70946072,C,DEL,1057,339,129,210,32.07,0.3207,0.5346,0.3207
barcode13,5,70946100,C,DEL,1114,235,15,220,21.1,0.211,0.5635,0.211
barcode13,5,70946197,T,DEL,1428,442,402,40,30.95,0.3095,0.7223,0.3095
barcode13,5,70951957,A,DEL,979,196,52,144,20.02,0.2002,0.4952,0.2002
barcode13,5,70952085,C,DEL,1905,447,406,41,23.46,0.2346,0.9636,0.2346
barcode08,5,70924873,A,DEL,442,105,13,92,23.76,0.2376,0.3178,0.2376
barcode08,5,70924951,G,DEL,841,226,29,197,26.87,0.2687,0.6046,0.2687
barcode08,5,70925075,G,DEL,1002,245,201,44,24.45,0.2445,0.7203,0.2445
barcode08,5,70925076,C,DEL,1001,333,244,89,33.27,0.3327,0.7196,0.3327
barcode08,5,70925077,C,DEL,1013,212,153,59,20.93,0.2093,0.7283,0.2093
barcode08,5,70925152,G,DEL,834,170,170,0,20.38,0.2038,0.5996,0.2038
barcode08,5,70925153,A,DEL,834,177,175,2,21.22,0.2122,0.5996,0.2122
barcode08,5,70925154,T,DEL,834,232,215,17,27.82,0.2782,0.5996,0.2782
barcode08,5,70941368,T,DEL,181,62,2,60,34.25,0.3425,0.1301,0.3425
barcode08,5,70941384,C,DEL,219,61,1,60,27.85,0.2785,0.1574,0.2785
barcode08,5,70942407,T,DEL,313,76,47,29,24.28,0.2428,0.225,0.2428
barcode08,5,70942438,T,DEL,336,96,96,0,28.57,0.2857,0.2416,0.2857
barcode08,5,70942439,A,DEL,336,172,163,9,51.19,0.5119,0.2416,0.5119
barcode08,5,70942440,A,DEL,336,132,130,2,39.29,0.3929,0.2416,0.3929
barcode08,5,70942441,G,DEL,337,113,111,2,33.53,0.3353,0.2423,0.3353
barcode08,5,70942481,A,DEL,342,76,73,3,22.22,0.2222,0.2459,0.2222
barcode08,5,70942512,C,DEL,324,156,155,1,48.15,0.4815,0.2329,0.4815
barcode08,5,70942569,A,DEL,250,64,63,1,25.6,0.256,0.1797,0.256
barcode08,5,70942819,T,DEL,227,48,9,39,21.15,0.2115,0.1632,0.2115
barcode08,5,70942823,C,DEL,227,59,0,59,25.99,0.2599,0.1632,0.2599
barcode08,5,70942824,T,DEL,227,57,1,56,25.11,0.2511,0.1632,0.2511
barcode08,5,70942825,C,DEL,228,91,15,76,39.91,0.3991,0.1639,0.3991
barcode08,5,70942826,C,DEL,228,55,0,55,24.12,0.2412,0.1639,0.2412
barcode08,5,70942835,C,DEL,225,67,53,14,29.78,0.2978,0.1618,0.2978
barcode08,5,70944760,A,DEL,605,141,19,122,23.31,0.2331,0.4349,0.2331
barcode08,5,70946051,T,DEL,1116,238,181,57,21.33,0.2133,0.8023,0.2133
barcode08,5,70946072,C,DEL,1208,403,131,272,33.36,0.3336,0.8684,0.3336
barcode08,5,70946099,T,DEL,1239,282,10,272,22.76,0.2276,0.8907,0.2276
barcode08,5,70946100,C,DEL,1237,294,11,283,23.77,0.2377,0.8893,0.2377
barcode08,5,70946197,T,DEL,1343,409,358,51,30.45,0.3045,0.9655,0.3045
